Common Name,Scientific Name,Swim Mode,Min Speed,Max Speed,Swim Speed,Units,Variability,Variability Type,Length Type,Min Length,Max Length,Mean Length,Variability,Variability Type,Units,BD/TL,TL/SL,TL/FL,Default Time,Min Time,Max Time,Time Between Increment (s),Velocity Increments cm/s,Swimming Time At Max Velocity (s),Leap (Y/N),Temperature ©,B a,B b,B c,P a,P b,P c,Velocity Equation Given - Reference 1 or 2 or other,Coefficients Average Over Various Species? (Y/N),Number of Fish Tested,Test Methods,Reference 1,Data Reference,Comment 1
Twaite shad,Alosa fallax,Prolonged,NR,75,75,cm/s,NR,,FL,NR,NR,29.7,NR,,cm,0.23,1.19,1.12,1800,NR,NR,NR,NR,NR,Y,NR,,,,,,,,,NR,NR,Beamish 1978,,
American shad,Alosa sapidissima,Burst,244,142,193,cm/s,NR,,NR,12,14,NR,NR,,in,0.25,1.19,1.13,10,NR,NR,NR,NR,NR,Y,NR,,,,,,,,,NR,Methods unknown. Speeds read from graph in Bell 1991,Bell 1991,,Fish length assumed to be total length.  The swimming speed reported is the center of the range reported by Bell 1991
American shad,Alosa sapidissima,Burst,55,76,65.5,cm/s,NR,,NR,1,3,NR,NR,,in,0.25,1.19,1.13,10,NR,NR,NR,NR,NR,Y,NR,,,,,,,,,NR,Methods unknown. Speeds read from graph in Bell 1991,Bell 1991,,Fish length assumed to be total length.  The swimming speed reported is the center of the range reported by Bell 1991
American shad,Alosa sapidissima,Prolonged,92,213,152.5,cm/s,NR,,NR,12,14,NR,NR,,in,0.25,1.19,1.13,1800,NR,NR,NR,NR,NR,Y,NR,,,,,,,,,NR,Methods unknown. Speeds read from graph in Bell 1991,Bell 1991,,Fish length assumed to be total length.  The swimming speed reported is the center of the range reported by Bell 1991
American shad,Alosa sapidissima,Prolonged,40,52,46,cm/s,NR,,NR,1,3,NR,NR,,in,0.25,1.19,1.13,1800,NR,NR,NR,NR,NR,Y,NR,,,,,,,,,NR,Methods unknown. Speeds read from graph in Bell 1991,Bell 1991,,Fish length assumed to be total length.  The swimming speed reported is the center of the range reported by Bell 1991
Stone loach,Barbatula barbatula,Prolonged,NR,NR,60.8,cm/s,NR,,TL,NR,NR,11,NR,,cm,0.13,1.15,1,180,NR,NR,180,6.7,NR,?,18,,,,,,,,,32,Increased critical velocity,Stahlberg and Peckmann 1987,,Stahlhberg and Peckmann (1987) list the scientific name as Noemacheilus barbatula. But this name has been updated according to information retrieved July 6 2007 from the Integrated Information System on-line database http://www.itis.gov.
Central stoneroller,Campostoma anomalum,Prolonged,27.91,53.56,39.9,cm/s,8.95,SD,TL,3.6,11,6.2,1.72,SD,cm,0.22,1.1,1.02,120,NR,NR,120,small increments of velocity were used',NR,?,NR,,,,,,,,,31,Gradually increased velocity until fish 'had difficulty' holding their position,Layher 1993 unpublished,,Layher (1993) reports that he believes that velocities corresponding to 'difficulty holding' could be maintained for 'some time'; and fish would assuredly be able to traverse the short distances involved in passing through culverts.
Goldfish,Carassius auratus,Burst,NR,NR,Calculated,cm/s,NR,,TL,6.7,21.3,NR,NR,,cm,0.28,1.23,1.07,20,20,20,NR,NR,NR,Y,15±3,5.37,0.66,0.22,,,,V= 5.37 TL^0.66 t^-0.22  V(m/s); TL(m); t(s),N,8,Used mild electric shock to induce burst swimming and measured speeds maintained for a range of times (1 to 20 seconds.,Hunter and Mayor 1986,Bainbridge 1960,Eight goldfish were tested at 6 arbitrarily chosen times (1; 2.5; 3; 5; 10; 15; 20).  Swim speed was recorded for each test time.
Goldfish,Carassius auratus,Burst,92,183,137,cm/s,NR,,NR,10,20.3,NR,NR,,cm,0.28,1.23,1.07,10,NR,NR,NR,NR,NR,Y,25,,,,,,,,,NR,Not reported,Bell 1991,Fry and Hart 1948,Bell (1991) cite Fry and Hart (1948) that averaged many measurements sustained for 20 to 25 minutes.  The mean weight of the fish tested was 4.37 grams at 25 degrees C. Fish of this size swam an average of 50.8 cm/s.
Goldfish,Carassius auratus,Prolonged,15,91,53,cm/s,NR,,NR,10,20.3,NR,NR,,cm,0.28,1.23,1.07,1800,NR,NR,NR,NR,NR,Y,15,,,,,,,,,NR,Not reported,Bell 1991,Fry and Hart 1948,Bell (1991) cite Fry and Hart (1948) that averaged many measurements sustained for 20 to 25 minutes.  The mean weight of the fish tested was 4.37 grams at 25 degrees C. Fish of this size swam an average of 50.8 cm/s.
Longnose sucker,Catostomus catostomus,Burst,121,242,182,cm/s,NR,,NR,10,40.6,NR,NR,,cm,0.14,1.15,1.05,10,NR,NR,NR,NR,NR,?,NR,,,,,,,,,NR,Not reported,Bell 1991,Jones et al. 1974,Bell 1991 cites Jones et al. 1974 as the data source and states that 'Alaska data used to extend swimming speed to darting level'; it is not clear how Alaska data were used to estimate burst swimming speeds.
Longnose sucker,Catostomus catostomus,Prolonged,NR,NR,Calculated,cm/s,NR,,FL,4,53,NR,NR,,cm,0.14,1.15,1.05,600,NR,NR,600,10,NR,?,12 to 19,,,,2.39,0.529,0.1,V=2.39 FL^0.529 t^-0.1  V(m/s); FL(m); t(s),Y,169,Increased critical velocity,Hunter and Mayor 1986,Jones et al. 1974,Hunter and Mayor used Jones et al. 1974 as the data source and used the group average ''c'' coefficient.
Longnose sucker,Catostomus catostomus,Prolonged,NR,NR,Calculated,cm/s,NR,,FL,4,53,NR,NR,,cm,0.14,1.15,1.05,600,NR,NR,600,10,NR,?,12 to 19,,,,11.03,0.53,,V=11.03 FL^0.53  V(cm/s); FL(cm),,169,Increased critical velocity,Jones et al. 1974,,
White sucker,Catostomus commersoni,Prolonged,NR,NR,Calculated,cm/s,NR,,FL,17,37,NR,NR,,cm,0.17,1.16,1.05,600,NR,NR,600,10,NR,?,12 to 19,,,,2.48,0.552,0.1,V=2.48 FL^0.552 t^-0.1  V(m/s); FL(m); t(s),Y,20,Increased critical velocity,Hunter and Mayor 1986,Jones et al. 1974,
White sucker,Catostomus commersoni,Prolonged,48,73,Calculated,cm/s,NR,,FL,17,37,NR,NR,,cm,0.17,1.16,1.05,600,NR,NR,600,10,NR,?,12 to 19,,,,10.03,0.55,,V=10.03 FL^0.55  V(cm/s); FL(cm),,20,Increased critical velocity,Jones et al. 1974,,
Sacramento sucker,Catostomus occidentalis,Prolonged,NR,NR,48.7,cm/s,5.4,SE,TL,NR,NR,20,1.17,SE,cm,0.18,1.16,1.06,1800,NR,NR,1800,10,NR,?,10 to 20,,,,,,,,,23,Increased critical velocity,Myrick and Cech 2000,,Pooled mean and standard errors were calculated from data - given no significant differences were found.  Pooled mean and variance see Zarr (1984) pages 132 and 125 respectively.
Cisco,Coregonus artedi,Prolonged,NR,NR,63,cm/s,NR,,TL,NR,NR,13.5,0.5,SD,cm,0.17,1.12,1.06,438,300,672,NR,NR,NR,?,12,,,,,,,,,20,Fixed velocity test - measured fatigue time and determined velocity at 50% of fish fatigued,Bernatchez and Dodson 1985,,
Cisco,Coregonus artedi,Prolonged,NR,NR,45.8,cm/s,8.1,SD,TL,NR,NR,13.5,0.5,SD,cm,0.17,1.12,1.06,900,NR,NR,900,10,NR,?,12,,,,,,,,,8,Increased critical velocity,Bernatchez and Dodson 1985,,
Lake whitefish,Coregonus clupeaformis,Burst,91.4,122,107,cm/s,NR,,NR,15.2,45.7,NR,NR,,cm,0.21,1.17,1.09,10,NR,NR,NR,NR,NR,?,NR,,,,,,,,,NR,Not reported,Bell 1991,Jones et al. 1974,Bell 1991 cites Jones et al. 1974 as the data source and states that 'Alaska data used to extend swimming speed to darting level'; it is not clear how Alaska data were used to estimate burst swimming speeds.
Lake whitefish,Coregonus clupeaformis,Prolonged,34.1,72.1,Calculated,cm/s,NR,,FL,6,51,NR,NR,,cm,0.21,1.17,1.09,600,NR,NR,600,10,NR,?,7 to 19,,,,18.2,0.35,,V=18.2 FL^0.35  V(cm/s); FL(cm),,159,Increased critical velocity,Jones et al. 1974,,The common name and genus and species name do not match.  Humpback whitefish are C. pidschian and lake whitefish are C. clupeaformis; I assume that the fish tested are C. clupeaformis given that they were from the MacKenzie River
Lake whitefish,Coregonus clupeaformis,Prolonged,34.1,72.1,Calculated,cm/s,NR,,FL,6,51,NR,NR,,cm,0.21,1.17,1.09,600,NR,NR,600,10,NR,?,7 to 19,,,,1.73,0.35,0.1,V=1.73 FL^ 0.35 t^-0.1  V(m/s); FL(m); t(s),Y,159,Increased critical velocity,Hunter and Mayor 1986,Jones et al. 1974,
Lake whitefish,Coregonus clupeaformis,Prolonged,NR,NR,63,cm/s,6,SD,TL,NR,NR,34.2,1.1,SD,cm,0.21,1.17,1.09,900,NR,NR,900,10,NR,?,5,,,,,,,,,16,Increased critical velocity,Bernatchez and Dodson 1985,,
Lake whitefish,Coregonus clupeaformis,Prolonged,NR,NR,75,cm/s,9.5,SD,TL,NR,NR,34.2,1.1,SD,cm,0.21,1.17,1.09,900,NR,NR,900,10,NR,?,12,,,,,,,,,8,Increased critical velocity,Bernatchez and Dodson 1985,,
Lake whitefish,Coregonus clupeaformis,Prolonged,NR,NR,55,cm/s,NR,,TL,NR,NR,34.2,1.1,SD,cm,0.21,1.17,1.09,2358,1680,4602,NR,NR,NR,?,5,,,,,,,,,8,Fixed velocity test - measured fatigue time and determined velocity at 50% of fish fatigued.,Bernatchez and Dodson 1985,,
Lake whitefish,Coregonus clupeaformis,Prolonged,NR,NR,63,cm/s,NR,,TL,NR,NR,34.2,1.1,SD,cm,0.21,1.17,1.09,852,618,1152,NR,NR,NR,?,5,,,,,,,,,9,Fixed velocity test - measured fatigue time and determined velocity at 50% of fish fatigued.,Bernatchez and Dodson 1985,,
Lake whitefish,Coregonus clupeaformis,Prolonged,NR,NR,75,cm/s,NR,,TL,NR,NR,34.2,1.1,SD,cm,0.21,1.17,1.09,312,168,234,NR,NR,NR,?,5,,,,,,,,,10,Fixed velocity test - measured fatigue time and determined velocity at 50% of fish fatigued.,Bernatchez and Dodson 1985,,
Lake whitefish,Coregonus clupeaformis,Prolonged,NR,NR,68,cm/s,NR,,TL,NR,NR,34.2,1.1,SD,cm,0.21,1.17,1.09,1998,1506,2796,NR,NR,NR,?,12,,,,,,,,,10,Fixed velocity test - measured fatigue time and determined velocity at 50% of fish fatigued,Bernatchez and Dodson 1985,,
Lake whitefish,Coregonus clupeaformis,Prolonged,NR,NR,75,cm/s,NR,,TL,NR,NR,34.2,1.1,SD,cm,0.21,1.17,1.09,1200,816,1962,NR,NR,NR,?,12,,,,,,,,,10,Fixed velocity test - measured fatigue time and determined velocity at 50% of fish fatigued,Bernatchez and Dodson 1985,,
Lake whitefish,Coregonus clupeaformis,Prolonged,NR,NR,90,cm/s,NR,,TL,NR,NR,34.2,1.1,SD,cm,0.21,1.17,1.09,252,216,294,NR,NR,NR,?,12,,,,,,,,,10,Fixed velocity test - measured fatigue time and determined velocity at 50% of fish fatigued,Bernatchez and Dodson 1985,,
Lake whitefish,Coregonus clupeaformis,Prolonged,NR,NR,102,cm/s,NR,,TL,NR,NR,34.2,1.1,SD,cm,0.21,1.17,1.09,96,48,138,NR,NR,NR,?,12,,,,,,,,,7,Fixed velocity test - measured fatigue time and determined velocity at 50% of fish fatigued,Bernatchez and Dodson 1985,,
Lake whitefish,Coregonus clupeaformis,Prolonged,NR,NR,59,cm/s,NR,,TL,NR,NR,12.7,0.7,SD,cm,0.21,1.17,1.09,1278,792,3342,NR,NR,NR,?,12,,,,,,,,,20,Fixed velocity test - measured fatigue time and determined velocity at 50% of fish fatigued,Bernatchez and Dodson 1985,,
Lake whitefish,Coregonus clupeaformis,Prolonged,NR,NR,63,cm/s,NR,,TL,NR,NR,12.7,0.7,SD,cm,0.21,1.17,1.09,522,426,678,NR,NR,NR,?,12,,,,,,,,,20,Fixed velocity test - measured fatigue time and determined velocity at 50% of fish fatigued,Bernatchez and Dodson 1985,,
Lake whitefish,Coregonus clupeaformis,Prolonged,NR,NR,69,cm/s,NR,,TL,NR,NR,12.7,0.7,SD,cm,0.21,1.17,1.09,270,252,294,NR,NR,NR,?,12,,,,,,,,,20,Fixed velocity test - measured fatigue time and determined velocity at 50% of fish fatigued,Bernatchez and Dodson 1985,,
Lake whitefish,Coregonus clupeaformis,Prolonged,NR,NR,74,cm/s,NR,,TL,NR,NR,12.7,0.7,SD,cm,0.21,1.17,1.09,72,66,84,NR,NR,NR,?,12,,,,,,,,,8,Fixed velocity test - measured fatigue time and determined velocity at 50% of fish fatigued,Bernatchez and Dodson 1985,,
Broad whitefish,Coregonus nasus,Prolonged,NR,NR,Calculated,cm/s,NR,,FL,6,33,NR,NR,,cm,0.23,1.16,1.09,600,NR,NR,600,10,NR,?,12 to 13,,,,9.7,0.45,,V=9.7 FL^0.45  V(cm/s); FL(cm),,33,Increased critical velocity,Jones et al. 1974,,
Broad whitefish,Coregonus nasus,Prolonged,NR,NR,Calculated,cm/s,NR,,FL,6,33,NR,NR,,cm,0.23,1.16,1.09,600,NR,NR,600,10,NR,?,12 to 13,,,,1.46,0.45,0.1,V=1.46 FL^0.45 t^-0.1  V(m/s); FL(m); t(s),Y,33,Increased critical velocity,Hunter and Mayor 1986,Jones et al. 1974,
Common carp,Cyprinus carpio carpio,Burst,NR,NR,150,cm/s,NR,NR,SL,NR,NR,15.3,NR,,cm,0.33,1.18,1.08,10,NR,10,NR,NR,NR,Y,15,,,,,,,,,6,Fixed velocity test,Tsukamoto et al. 1975,,The swim speed and time were read from a graph so they are approximate values.
Common carp,Cyprinus carpio carpio,Burst,122,427,274,cm/s,NR,,NR,NR,NR,NR,NR,,NR,0.33,1.18,1.08,10,NR,NR,NR,NR,NR,Y,NR,,,,,,,,,NR,Not reported,Bell 1991,,The swimming speed reported is the center of the range reported by Bell 1991.
Common carp,Cyprinus carpio carpio,Prolonged,NR,NR,90,cm/s,NR,NR,SL,NR,NR,15.3,NR,,cm,0.33,1.18,1.08,500,NR,500,NR,NR,NR,Y,15,,,,,,,,,6,Fixed velocity test,Tsukamoto et al. 1975,,The swim speed and time were read from a graph so they are approximate values.
Common carp,Cyprinus carpio carpio,Prolonged,NR,NR,70,cm/s,NR,NR,SL,NR,NR,15.3,NR,,cm,0.33,1.18,1.08,3600,NR,3600,NR,NR,NR,Y,15,,,,,,,,,6,Fixed velocity test,Tsukamoto et al. 1975,,
Common carp,Cyprinus carpio carpio,Prolonged,46,122,84,cm/s,NR,,NR,NR,NR,NR,NR,,NR,0.33,1.18,1.08,1800,NR,NR,NR,NR,NR,Y,NR,,,,,,,,,NR,Not reported,Bell 1991,,The swimming speed reported is the center of the range reported by Bell 1991.
Northern pike,Esox lucius,Prolonged,19,47.4,Calculated,cm/s,NR,,FL,12,62,NR,NR,,cm,0.14,1.15,1.05,600,NR,NR,600,10,NR,?,12,,,,4.9,0.55,,V=4.9 FL^0.55  V(cm/s); FL(cm),,192,Increased critical velocity,Jones et al. 1974,,
Northern pike,Esox lucius,Prolonged,NR,NR,Calculated,cm/s,NR,,FL,12,62,NR,NR,,cm,0.14,1.15,1.05,600,NR,NR,600,10,NR,?,12,,,,1.17,0.55,0.1,V=1.17 FL^0.55 t^-0.1  V(m/s); FL(m); t(s),Y,192,Increased critical velocity,Hunter and Mayor 1986,Jones et al. 1974,
Greenside darter,Etheostoma blennioides,Prolonged,16,40,31,cm/s,8.11,SD,TL,4,6.8,5.14,1.14,SD,cm,0.14,1.17,1.02,1800,NR,NR,120,small increments of velocity were used',NR,N,NR,,,,,,,,,9,Increased velocity until fish had difficulty holding their position in test tank,Layher 1993 unpublished,,The fish were collected by electroshocking which the author indicated may have affected the swimming speeds recorded.
Orangebelly darter,Etheostoma radiosum,Prolonged,13.48,45.81,29.55,cm/s,10.82,SD,TL,3.3,6.5,5.26,0.86,SD,cm,0.18,1.27,1,1800,NR,NR,120,small increments of velocity were used',NR,N,NR,,,,,,,,,29,Increased velocity until fish had difficulty holding their position in test tank,Layher 1993 unpublished,,The fish were collected by electroshocking which the author indicated may have affected the swimming speeds recorded.
Redfin darter,Etheostoma whipplei,Prolonged,13.72,40.2,28.01,cm/s,11.3,SD,TL,3,6,4.37,1.1,SD,cm,0.18,1.13,1,120,NR,120,120,small increments of velocity were used',NR,N,NR,,,,,,,,,8,Increased velocity until fish had difficulty holding their position in test tank,Layher 1993 unpublished,,The fish were collected by electroshocking which the author indicated may have affected the swimming speeds recorded.
Three-spined stickleback,Gasterosteus aculeatus,Prolonged,NR,NR,36.3,cm/s,NR,,TL,NR,NR,5.5,NR,,cm,0.23,1.12,1.01,180,NR,NR,180,6.7,NR,?,18,,,,,,,,,43,Increased critical velocity,Stahlberg and Peckmann 1987,,
Humpback chub,Gila cypha,Prolonged,NR,NR,40,cm/s,38 to 43,CI,TL,NR,NR,9.2,0.5,SD,cm,0.22,1.25,1.13,7200,NR,NR,NR,NR,7200,?,14,,,,,,,,,90,Fixed velocity test - measured fatigue time and determined velocity at 50% of fish fatigued (FV50),Berry and Pimentel 1985,,
Humpback chub,Gila cypha,Prolonged,NR,NR,51,cm/s,47 to 57,CI,TL,NR,NR,9.3,0.5,SD,cm,0.22,1.25,1.13,7200,NR,NR,NR,NR,7200,?,20,,,,,,,,,71,Fixed velocity test - measured fatigue time and determined velocity at 50% of fish fatigued (FV50),Berry and Pimentel 1985,,
Humpback chub,Gila cypha,Prolonged,NR,NR,56,cm/s,50 to 62,CI,TL,NR,NR,9.9,0.8,SD,cm,0.22,1.25,1.13,7200,NR,NR,NR,NR,7200,?,26,,,,,,,,,85,Fixed velocity test - measured fatigue time and determined velocity at 50% of fish fatigued (FV50),Berry and Pimentel 1985,,
Humpback chub,Gila cypha,Prolonged,NR,NR,63,cm/s,58 to 70,CI,TL,NR,NR,9.3,0.5,SD,cm,0.22,1.25,1.13,120,NR,NR,NR,NR,120,?,20,,,,,,,,,71,Fixed velocity test - measured fatigue time and determined velocity at 50% of fish fatigued (FV50),Berry and Pimentel 1985,,
Humpback chub,Gila cypha,Prolonged,NR,NR,70,cm/s,60 to 83,CI,TL,NR,NR,9.9,0.8,SD,cm,0.22,1.25,1.13,120,NR,NR,NR,NR,120,?,26,,,,,,,,,85,Fixed velocity test - measured fatigue time and determined velocity at 50% of fish fatigued (FV50),Berry and Pimentel 1985,,
Bonytail chub,Gila elegans,Prolonged,NR,NR,47,cm/s,43 to 50,CI,TL,NR,NR,10,0.7,SD,cm,0.18,1.14,1.07,7200,NR,NR,NR,NR,7200,?,14,,,,,,,,,44,Fixed velocity test - measured fatigue time and determined velocity at 50% of fish fatigued (FV50),Berry and Pimentel 1985,,
Bonytail chub,Gila elegans,Prolonged,NR,NR,52,cm/s,47 to 59,CI,TL,NR,NR,9.7,0.7,SD,cm,0.18,1.14,1.07,7200,NR,NR,NR,NR,7200,?,20,,,,,,,,,59,Fixed velocity test - measured fatigue time and determined velocity at 50% of fish fatigued (FV50),Berry and Pimentel 1985,,
Bonytail chub,Gila elegans,Prolonged,NR,NR,57,cm/s,52 to 63,CI,TL,NR,NR,9.9,0.8,SD,cm,0.18,1.14,1.07,7200,NR,NR,NR,NR,7200,?,26,,,,,,,,,65,Fixed velocity test - measured fatigue time and determined velocity at 50% of fish fatigued (FV50),Berry and Pimentel 1985,,
Bonytail chub,Gila elegans,Prolonged,NR,NR,49,cm/s,47 to 53,CI,TL,NR,NR,10,0.7,SD,cm,0.18,1.14,1.07,120,NR,NR,NR,NR,120,?,14,,,,,,,,,44,Fixed velocity test - measured fatigue time and determined velocity at 50% of fish fatigued (FV50),Berry and Pimentel 1985,,
Bonytail chub,Gila elegans,Prolonged,NR,NR,62,cm/s,58 to 67,CI,TL,NR,NR,9.7,0.7,SD,cm,0.18,1.14,1.07,120,NR,NR,NR,NR,120,?,20,,,,,,,,,59,Fixed velocity test - measured fatigue time and determined velocity at 50% of fish fatigued (FV50),Berry and Pimentel 1985,,
Bonytail chub,Gila elegans,Prolonged,NR,NR,62,cm/s,58 to 65,CI,TL,NR,NR,9.9,0.8,SD,cm,0.18,1.14,1.07,120,NR,NR,NR,NR,120,?,26,,,,,,,,,65,Fixed velocity test - measured fatigue time and determined velocity at 50% of fish fatigued (FV50),Berry and Pimentel 1985,,
Gudgeon,Gobio gobio,Prolonged,NR,NR,55,cm/s,NR,,TL,NR,NR,11.8,NR,,cm,0.19,1.16,1.04,180,NR,NR,180,6.7,NR,?,18,,,,,,,,,46,Increased critical velocity,Stahlberg and Peckmann 1987,,
Delta smelt,Hypomesus transpecificus,Prolonged,NR,NR,30,cm/s,1.7,SE,SL,NR,NR,5.8,0.2,SE,cm,0.19,1.16,1.1,600,NR,NR,600,3 to 4,NR,?,17,,,,,,,,,10,Increased critical velocity,Swanson et al. 2002,,
Bighead carp,Hypophthalmichthys nobilis,Prolonged,NR,NR,24.77,cm/s,3.84,SD,TL,6.2,11.9,9.33,1.95,SD,cm,0.25,1.2,1.13,1800,NR,NR,NR,NR,NR,?,NR,,,,,,,,,10,Increased velocity until fish could not hold their position in test tank,Layher and Ralston -1; unpublished,,Mean velocity and the standard deviation reported was 24.77 cm/s ± 1.95.  The authors describe the endpoint as 'erratic movement which usually quickly terminated in exhaustion'.
River lamprey,Lampetra fluviatilis,Burst,NR,NR,110,cm/s,NR,,TL,25,30,NR,NR,,cm,0.06,1.01,1,1800,NR,NR,NR,NR,NR,N,17.9,,,,,,,,,NR,Swam fish through a vertical slot fishway,Laine et al. 1998,,The reported swim speed is the slot velocity that allowed passage; higher slot velocities (1.3 m/s) blocked upstream passage.
Pacific lamprey,Lampetra tridentata,Burst,61,109.7,82.3,cm/s,NR,,TL,12.6,17.3,14.8,NR,,cm,0.43,1.18,1,0.33,0.33,0.33,NR,NR,0.33,N,6,,,,,,,,,30,video camera and test tank with grid,Moursund et al. 2003,,
Pacific lamprey,Lampetra tridentata,Prolonged,NR,NR,86.2,cm/s,7.5,SD,TL,NR,NR,63.2,2.6,SD,cm,0.43,1.18,1,1800,NR,NR,1800,10,NR,N,15,,,,,,,,,24,Increased critical velocity,Mesa et al. 2003,,
Pacific lamprey,Lampetra tridentata,Prolonged,,45.7,22.9,cm/s,NR,,TL,11,16.5,13.6,NR,,cm,0.43,1.18,1,900,NR,NR,300,15.2,NR,N,8.5,,,,,,,,,30,Increased critical velocity,Moursund et al. 2000,,
Pacific lamprey,Lampetra tridentata,Prolonged,,30.5,15.2,cm/s,NR,,TL,11,16.5,13.6,NR,,cm,0.43,1.18,1,900,NR,NR,900,15.2,NR,N,8.5,,,,,,,,,30,Increased critical velocity,Moursund et al. 2000,,
Pacific lamprey,Lampetra tridentata,Prolonged,15.2,61,42.1,cm/s,NR,,TL,15.2,17.3,14.8,NR,,cm,0.43,1.18,1,300,NR,NR,300,15.2,NR,N,6,,,,,,,,,30,Increased critical velocity,Moursund et al. 2003,,
Hitch,Lavinia exilicauda,Prolonged,NR,NR,39,cm/s,7,SE,TL,NR,NR,26,0.68,SE,cm,0.3,1.17,1.06,1800,NR,NR,1800,10,NR,?,10,,,,,,,,,5,Increased critical velocity,Myrick and Cech 2000,,
Hitch,Lavinia exilicauda,Prolonged,NR,NR,57,cm/s,3,SE,TL,NR,NR,23.7,0.53,SE,cm,0.3,1.17,1.06,1800,NR,NR,1800,10,NR,?,20,,,,,,,,,8,Increased critical velocity,Myrick and Cech 2000,,
Pumpkinseed,Lepomis gibbosus,Prolonged,NR,NR,37.2,cm/s,NR,,TL,NR,NR,12.7,0.27,SE,cm,0.44,1.23,1,3600,NR,NR,3600,6.1,NR,Y,20,,,,,,,,,6,Increased critical velocity,Brett and Sutherland 1965,,
Longear sunfish,Lepomis megalotis,Prolonged,NR,NR,19,cm/s,NR,,TL,5.9,13.6,9.47,2.05,SD,cm,0.35,1.18,1.03,840,NR,NR,NR,NR,840,Y,17.9 to 20.1,,,,,,,,,19,100 % of fish still swimming after 14 minutes,Layher and Ralston-3 unpublished,,Layher and Ralston (1993) swam fish at a fixed velocities of (cm/s): 16; 19; 22; 33; 39 and recorded percent still swimming at 2 minute intervals from 2 to 14 minutes.
Longear sunfish,Lepomis megalotis,Prolonged,NR,NR,22,cm/s,NR,,TL,5.9,13.6,9.39,2.62,SD,cm,0.35,1.18,1.03,480,NR,NR,NR,NR,480,Y,17.9 to 20.1,,,,,,,,,11,91% of fish still swimming after 8 minutes,Layher and Ralston-3 unpublished,,
Longear sunfish,Lepomis megalotis,Prolonged,NR,NR,33,cm/s,NR,,TL,5.6,13.2,81.6,2.08,SD,cm,0.35,1.18,1.03,120,NR,NR,NR,NR,120,Y,17.9 to 20.1,,,,,,,,,16,88% of fish still swimming after 2 minutes,Layher and Ralston-3 unpublished,,
Longear sunfish,Lepomis megalotis,Prolonged,NR,NR,39,cm/s,NR,,TL,5.7,13.5,8.89,2.53,SD,cm,0.35,1.18,1.03,120,NR,NR,NR,NR,120,Y,17.9 to 20.1,,,,,,,,,14,42% of fish still swimming after 2 minutes,Layher and Ralston-3 unpublished,,
Leucaspius,Leucaspius delineatus,Prolonged,NR,NR,38.6,cm/s,NR,,TL,NR,NR,5.1,NR,,cm,0.18,1.14,1.05,180,NR,NR,180,6.7,NR,?,18,,,,,,,,,38,Increased critical velocity,Stahlberg and Peckmann 1987,,
Common dace,Leuciscus leuciscus,Burst,NR,NR,Calculated,cm/s,NR,,TL,10,21.4,15.5,4.1,SD,cm,0.22,1.17,1.08,20,NR,NR,NR,NR,NR,?,NR,11.48,0.97,0.33,,,,V=11.48 TL^0.97 t^-0.33  V(m/s); TL(m); t(s),N,7,Bursts induced by mild electric shock,Hunter and Mayor 1986,Bainbridge 1960,Bainbridge (1960) tested time to exhaustion between 1 and 20 seconds. The user may validly enter times to exhaustion between 1 and 20 seconds - the full range of burst swimming.
Common dace,Leuciscus leuciscus,Burst,46,90,68,cm/s,NR,,TL,10,21.4,15.5,4.1,SD,cm,0.22,1.17,1.08,20,NR,NR,NR,NR,NR,?,NR,,,,,,,,,7,Bursts induced by mild electric shock,Beamish 1978,Bainbridge 1960,Bainbridge (1960) induced burst speed with electric shock and measured speeds at arbitrary times of 1; 2; 5; 10; 15; 20 seconds using an oscilloscope.
Common dace,Leuciscus leuciscus,Burst,110,240,175,cm/s,NR,,TL,10,21.4,15.5,4.1,SD,cm,0.22,1.17,1.08,1,NR,NR,NR,NR,NR,?,14,,,,,,,,,7,Bursts induced by mild electric shock,Beamish 1978,Bainbridge 1960,Bainbridge (1960) induced burst speed with electric shock and measured speeds at arbitrary times of 1; 2; 5; 10; 15; 20 seconds using an oscilloscope.
Burbot,Lota lota,Burst,38,122,80,cm/s,NR,,NR,20,70,NR,NR,,cm,0.12,1.08,1,10,NR,NR,NR,NR,NR,?,NR,,,,,,,,,NR,Not reported,Bell 1991,Jones et al. 1974,Bell 1991 cites Jones et al. 1974 as the data source and states that 'Alaska data used to extend swimming speed to darting level'; it is not clear how Alaska data was used to estimate burst swimming speeds.
Burbot,Lota lota,Prolonged,NR,NR,Calculated,cm/s,NR,,FL,12,62,NR,NR,,cm,0.12,1.08,1,600,NR,NR,600,10,NR,?,7 to 20,,,,30.6,0.07,,V=30.6 FL^0.07   V(cm/s); FL(cm),,56,Increased critical velocity,Jones et al. 1974,,Length-velocity correlation coefficient was not significant; caution should be used when using the regression equation.
Burbot,Lota lota,Prolonged,NR,NR,Calculated,cm/s,NR,,FL,10,70,NR,NR,,cm,0.12,1.08,1,600,NR,NR,600,10,NR,?,7 to 20,,,,2.23,0.07,0.26,V=2.23 FL^0.07 t^-0.26  V(m/s); FL(m); t(s),Y,53,Increased critical velocity,Hunter and Mayor 1986,Jones et al. 1974,Hunter and Mayor 1986 used an assumed beta (not clear how it was derived). Length-velocity correlation coefficient was not significant; caution should be used when using the regression equation.
Smallmouth bass,Micropterus dolomieui,Prolonged,50,118,Calculated,cm/s,NR,,TL,26.2,37.8,NR,NR,,cm,0.26,1.2,1.03,600,NR,NR,600,1 to 1.5 body lengths/s,NR,?,15 to 20,,,,1.85,0.7626,,V=1.85 TL^ 0.7626  V(m/s); TL(m),,11,Increased critical velocity,Bunt et al. 1999,,The relationship between swim speed and fish length was significant.  The formula is valid for length range and time to exhaustion reported. The formula was converted from fish length in mm to m.
Largemouth bass,Micropterus salmoides,Prolonged,NR,NR,50,cm/s,NR,,FL,9,12,10.4,NR,,cm,0.28,1.15,1.02,300,NR,NR,300,10,NR,?,25,,,,,,,,,5,Increased critical velocity,Farlinger and Beamish 1977,,The formula given in the paper did not match the discussion or the graph.  The sign before the last set of numbers was changed (i.e. from ...+ 0.00061 (delta V)^2 to …- 0.00061 (delta V)^2.
Largemouth bass,Micropterus salmoides,Prolonged,NR,NR,47.4,cm/s,NR,,FL,9,12,10.4,NR,,cm,0.28,1.15,1.02,600,NR,NR,600,10,NR,?,25,,,,,,,,,5,Increased critical velocity,Farlinger and Beamish 1977,,
Largemouth bass,Micropterus salmoides,Prolonged,NR,NR,39.9,cm/s,NR,,FL,9,12,10.4,NR,,cm,0.28,1.15,1.02,1800,NR,NR,1800,10,NR,?,25,,,,,,,,,5,Increased critical velocity,Farlinger and Beamish 1977,,
Largemouth bass,Micropterus salmoides,Prolonged,NR,NR,35.4,cm/s,NR,,FL,9,12,10.4,NR,,cm,0.28,1.15,1.02,3600,NR,NR,3600,10,NR,?,25,,,,,,,,,5,Increased critical velocity,Farlinger and Beamish 1977,,
Largemouth bass,Micropterus salmoides,Prolonged,NR,NR,Calculated,cm/s,NR,,TL,NR,NR,21.6,3.5,SD,cm,0.28,1.15,1.02,1800,NR,NR,1800,10,NR,?,10,,,,0.9342,0.0303,,Log(V)=0.9342 + 0.0303TL   V(cm/s); TL(cm),,15,Increased critical velocity,Beamish 1970,,
Largemouth bass,Micropterus salmoides,Prolonged,NR,NR,Calculated,cm/s,NR,,TL,NR,NR,22.5,4,SD,cm,0.28,1.15,1.02,1800,NR,NR,1800,10,NR,?,15,,,,1.2068,0.021,,Log(V)=1.2068 + 0.021TL   V(cm/s); TL(cm),,15,Increased critical velocity,Beamish 1970,,
Largemouth bass,Micropterus salmoides,Prolonged,NR,NR,Calculated,cm/s,NR,,TL,NR,NR,19.7,3.7,SD,cm,0.28,1.15,1.02,1800,NR,NR,1800,10,NR,?,20,,,,1.4465,0.0137,,Log(V)=1.4465 + 0.0137TL   V(cm/s); TL(cm),,15,Increased critical velocity,Beamish 1970,,
Largemouth bass,Micropterus salmoides,Prolonged,NR,NR,Calculated,cm/s,NR,,TL,NR,NR,20,5.1,SD,cm,0.28,1.15,1.02,1800,NR,NR,1800,10,NR,?,25,,,,1.5023,0.0117,,Log(V)=1.5023 + 0.0117TL   V(cm/s); TL(cm),,15,Increased critical velocity,Beamish 1970,,
Largemouth bass,Micropterus salmoides,Prolonged,NR,NR,Calculated,cm/s,NR,,TL,NR,NR,22.4,3.1,SD,cm,0.28,1.15,1.02,1800,NR,NR,1800,10,NR,?,30,,,,1.5008,0.012,,Log(V)=1.5008 + 0.012TL   V(cm/s); TL(cm),,15,Increased critical velocity,Beamish 1970,,
Largemouth bass,Micropterus salmoides,Prolonged,NR,NR,Calculated,cm/s,NR,,TL,NR,NR,21.2,3,SD,cm,0.28,1.15,1.02,1800,NR,NR,1800,10,NR,?,34,,,,1.3968,0.0139,,Log(V)=1.3968 + 0.0139TL   V(cm/s); TL(cm),,15,Increased critical velocity,Beamish 1970,,
Striped bass,Morone saxatilis,Burst,11,18,15,cm/s,NR,,NR,NR,NR,1.3,NR,,cm,0.24,1.15,1.04,10,NR,NR,NR,NR,NR,?,NR,,,,,,,,,NR,Not reported,Bell 1991,,The reported swim speed is the center of the range reported by Bell 1991.  Fish length assumed to be total length.
Striped bass,Morone saxatilis,Burst,16,30,23,cm/s,NR,,NR,NR,NR,2.5,NR,,cm,0.24,1.15,1.04,10,NR,NR,NR,NR,NR,?,NR,,,,,,,,,NR,Not reported,Bell 1991,,The reported swim speed is the center of the range reported by Bell 1991.  Fish length assumed to be total length.
Striped bass,Morone saxatilis,Burst,34,61,47,cm/s,NR,,NR,NR,NR,5.1,NR,,cm,0.24,1.15,1.04,10,NR,NR,NR,NR,NR,?,NR,,,,,,,,,NR,Not reported,Bell 1991,,The reported swim speed is the center of the range reported by Bell 1991.  Fish length assumed to be total length.
Striped bass,Morone saxatilis,Burst,64,152,108,cm/s,NR,,NR,NR,NR,12.7,NR,,cm,0.24,1.15,1.04,10,NR,NR,NR,NR,NR,?,NR,,,,,,,,,NR,Not reported,Bell 1991,,The reported swim speed is the center of the range reported by Bell 1991.  Fish length assumed to be total length.
Striped bass,Morone saxatilis,Prolonged,NR,NR,Calculated,cm/s,NR,,NR,2.5,11.5,NR,NR,,cm,0.24,1.15,1.04,600,600,600,NR,NR,600 OR 1800,?,22,,,,22.11,0.58,0.3,V=22.11 TL^0.58 t^-0.30  V(m/s); TL(m); t(s),N,1000 to 90 (see comments,Fixed velocity test recorded number of fish swimming after 10 minutes or 30 minutes,Hunter and Mayor 1986,Kerr 1953,Number of fish tested varied by size range tested: length = 7.6-14.0 n = 1000; length = 8.9-14.0 n=680; length = 1.9-2.3 or 2.5-7.6 n=90.
Striped bass,Morone saxatilis,Prolonged,3,11,7,cm/s,NR,,NR,NR,NR,1.3,NR,,cm,0.24,1.15,1.04,1800,NR,NR,NR,NR,NR,?,NR,,,,,,,,,NR,Not reported,Bell 1991,,The reported swim speed is the center of the range reported by Bell 1991.  Fish length assumed to be total length.
Striped bass,Morone saxatilis,Prolonged,3,16,9,cm/s,NR,,NR,NR,NR,2.5,NR,,cm,0.24,1.15,1.04,1800,NR,NR,NR,NR,NR,?,NR,,,,,,,,,NR,Not reported,Bell 1991,,The reported swim speed is the center of the range reported by Bell 1991.  Fish length assumed to be total length.
Striped bass,Morone saxatilis,Prolonged,8,30,20,cm/s,NR,,NR,NR,NR,5.1,NR,,cm,0.24,1.15,1.04,1800,NR,NR,NR,NR,NR,?,NR,,,,,,,,,NR,Not reported,Bell 1991,,The reported swim speed is the center of the range reported by Bell 1991.  Fish length assumed to be total length.
Hardhead,Mylopharodon conocephalus,Prolonged,NR,NR,51.1,cm/s,3.2,SE,TL,NR,NR,25.03,1.26,SE,cm,0.17,1.23,1.09,1800,NR,NR,1800,10,NR,?,10 to 20,,,,,,,,,29,Increased critical velocity,Myrick and Cech 2000,,Pooled mean and standard errors were calculated from data - given no significant differences were found.  Pooled mean and variance see Zarr (1984) pages 132 and 125 respectively.
Golden shiner,Notemigonus crysoleucas,Prolonged,30.9,71.3,Calculated,cm/s,10.82,SD,TL,3.9,11,6.7,2.22,SD,cm,0.3,1.17,1.06,1800,NR,NR,120,small increments of velocity were used',NR,?,NR,,,,17.16,4.08,,V=17.16 + 4.08 TL  V(cm/s); TL(cm),,46,Gradually increased velocity until fish 'had difficulty' holding their position,Layher 1993 unpublished,,Layher (1993) reports that he believes that velocities corresponding to 'difficulty holding' could be maintained for 'some time'; and fish would assuredly be able to traverse the short distances involved in passing through culverts.
Bigeye shiner,Notropis boops,Prolonged,NR,NR,26,cm/s,NR,,TL,50,78,62.3,7.3,SD,cm,0.17,1.18,1.08,600,NR,NR,NR,NR,600,?,17.9 to 20.1,,,,,,,,,20,Fixed velocity test. Endpoint 100% of 20 fish still swimming after 10 minutes,Layher and Ralston-2 unpublished,,
Bigeye shiner,Notropis boops,Prolonged,NR,NR,33,cm/s,NR,,TL,54,73,60.6,5.2,SD,cm,0.17,1.18,1.08,600,NR,NR,NR,NR,600,?,17.9 to 20.1,,,,,,,,,20,Fixed velocity test. Endpoint 90% of 20 fish still swimming after 10 minutes,Layher and Ralston-2 unpublished,,
Bigeye shiner,Notropis boops,Prolonged,NR,NR,36,cm/s,NR,,TL,49,73,62.3,6.9,SD,cm,0.17,1.18,1.08,240,NR,NR,NR,NR,240,?,17.9 to 20.1,,,,,,,,,20,Fixed velocity test. Endpoint 95% of 20 fish still swimming after 4 minutes,Layher and Ralston-2 unpublished,,
Bigeye shiner,Notropis boops,Prolonged,NR,NR,39,cm/s,NR,,TL,53,78,63.3,6.5,SD,cm,0.17,1.18,1.08,120,NR,NR,NR,NR,120,?,17.9 to 20.1,,,,,,,,,20,Fixed velocity test. Endpoint 90% of 20 fish still swimming after 2 minutes,Layher and Ralston-2 unpublished,,
Cutthroat trout,Oncorhynchus clarkii,Burst,183,411.5,305,cm/s,NR,,NR,NR,NR,NR,NR,,NR,0.21,1.13,1.02,10,NR,NR,NR,NR,NR,Y,NR,,,,,,,,,NR,Not reported,Bell 1991,,The swimming speed report is the center of the range reported by Bell 1991.
Cutthroat trout,Oncorhynchus clarkii,Prolonged,61,182,122,cm/s,NR,,NR,NR,NR,NR,NR,,NR,0.21,1.13,1.02,1800,NR,NR,NR,NR,NR,Y,NR,,,,,,,,,NR,Not reported,Bell 1991,,The swimming speed report is the center of the range reported by Bell 1991.
Coastal cutthroat trout,Oncorhynchus clarkii,Prolonged,NR,NR,59.27,cm/s,2.04,SE,FL,NR,NR,8.9,0.77,SD,cm,0.21,1.13,1.02,900,NR,NR,900,1  body length/second,NR,Y,10 to 19,,,,,,,,,13,Increased critical velocity,Hawkins and Quinn 1996,,These data are from cutthroat trout obtained from the Washington State Hatchery at Aberdeen Washington.  They originated from anadromous fish.
Coastal cutthroat trout,Oncorhynchus clarkii,Prolonged,NR,NR,49.99,cm/s,1.34,SE,FL,NR,NR,9,1.2,SD,cm,0.21,1.13,1.02,900,NR,NR,900,1  body length/second,NR,Y,10 to 19,,,,,,,,,23,Increased critical velocity,Hawkins and Quinn 1996,,These data are from cutthroat trout obtained from the Washington State Hatchery at Shelton Washington. They originated from anadromous fish
Coastal cutthroat trout X rainbow hybrid,Oncorhynchus clarkii X O mykiss hybrid,Prolonged,NR,NR,62.55,cm/s,1.3,SE,FL,NR,NR,8.8,1.1,SD,cm,0.21,1.13,1.02,900,NR,NR,900,1  body length/second,NR,Y,10 to 19,,,,,,,,,31,Increased critical velocity,Hawkins and Quinn 1996,,These data are from cutthroat trout obtained from the Washington State Hatchery at Aberdeen Washington. They originated from anadromous fish.  They were crossed with steelhead from Washington State Hatchery at Aberdeen.
Pink salmon,Oncorhynchus gorbuscha,Burst,234.7,457.2,346,cm/s,NR,,NR,NR,NR,NR,NR,,NR,0.22,1.11,1.02,5,NR,NR,NR,NR,NR,Y,NR,,,,,,,,,NR,Swimming speeds estimated from leap heights of 3 to 4 feet.,Powers and Orsborn 1985 (part 4 of 4),,The burst speeds were derived from estimates of observed jump heights of 3 to 4 feet and should be used with caution.
Pink salmon,Oncorhynchus gorbuscha,Prolonged,NR,NR,Calculated,cm/s,NR,,TL,49.4,60.7,54.89,2.45,SD,cm,0.22,1.11,1.02,12000,NR,NR,NR,NR,72 to 12000,Y,20±1,,,,4.08,0.55,0.08,V=4.08 TL^0.55 t^-0.08  V(m/s); TL(m); t(s),N,54,Fixed velocity test recorded time to fatigue between 72 and 12000 sec,Hunter and Mayor 1986,Brett 1982,
Pink salmon,Oncorhynchus gorbuscha,Prolonged,89,173.2,123.3,cm/s,12.5,SE,FL,NR,NR,52.7,2.5,SD,cm,0.22,1.11,1.02,1200,NR,NR,1200,0.15 body lengths per second,NR,Y,11.3±0.8,,,,,,,,,7,Increased critical velocity,Farrell et al. 2003,,
Pink salmon,Oncorhynchus gorbuscha,Prolonged,NR,NR,16.4,cm/s,1.54,SD,FL,3,3.7,3.33,0.08,SD,cm,0.22,1.11,1.02,900,NR,NR,900,2 to 3,NR,Y,10,,,,,,,,,7,Increased critical velocity,Smith and Carpenter 1987,,
Pink salmon,Oncorhynchus gorbuscha,Prolonged,NR,NR,15.5,cm/s,1.18,SD,FL,2.9,3.4,3.2,0.05,SD,cm,0.22,1.11,1.02,900,NR,NR,900,2 to 3,NR,Y,7,,,,,,,,,8,Increased critical velocity,Smith and Carpenter 1987,,
Pink salmon,Oncorhynchus gorbuscha,Prolonged,NR,NR,13.5,cm/s,0.1,SD,FL,2.8,3.4,3.46,0.04,SD,cm,0.22,1.11,1.02,900,NR,NR,900,2 to 3,NR,Y,4,,,,,,,,,8,Increased critical velocity,Smith and Carpenter 1987,,
Chum salmon,Oncorhynchus keta,Burst,182,305,244,cm/s,NR,,TL,NR,NR,76.2,NR,,cm,0.26,1.09,1.01,10,NR,NR,NR,NR,NR,N,NR,,,,,,,,,NR,Fish swam up chute of various velocities in tests of weir designs,Powers and Orsborn 1985 (part 4 of 4),,Speeds were observed by Powers and Orsborn (1985) fish swimming up a chute.  Swim speed is the center of the range observed by Powers and Orsborn (1985).
Chum salmon,Oncorhynchus keta,Prolonged,NR,NR,Calculated,cm/s,NR,,FL,3.8,4.8,4.42,NR,,cm,0.26,1.09,1.01,300,NR,NR,300,1 to 2,NR,N,10,,,,93.59,1.89,,V=93.59 FL^1.89  V(m/s); FL(m),N,17,Increased critical velocity,Hunter and Mayor 1986,Houston 1959,Because the time increment is very short 300 s (5 minutes) these speeds will be on the upper end of the prolonged speeds for juveniles of this species.
Chum salmon,Oncorhynchus keta,Prolonged,52,158,158,cm/s,NR,,NR,NR,NR,76.2,NR,,cm,0.26,1.09,1.01,1800,NR,NR,NR,NR,NR,N,NR,,,,,,,,,,Swim speed estimated from a ratio of burst and prolonged based data from sockeye salmon,Aaserude and Orsborn 1985,,This prolonged speed was derived by multiplying the ratio of prolonged/burst speed from sockeye salmon (10.2 fps/20.6 fps = 0.495) by the burst speed of chum salmon (0.495*10.6 fps = 5.2fps or 150 cm/s).
Chum salmon,Oncorhynchus keta,Prolonged,NR,NR,18.1,cm/s,0.56,SD,FL,NR,NR,3.82,0.038,SD,cm,0.26,1.09,1.01,900,900,900,900,2 to 3,NR,N,10,,,,,,,,,8,Increased critical velocity,Smith and Carpenter 1987,,Chum are poor leapers and appear to need optimum hydraulic conditions to make successful leaps. Speed should not be interpreted as range of burst speeds of which chum are capable.
Chum salmon,Oncorhynchus keta,Prolonged,NR,NR,15.4,cm/s,1.14,SD,FL,NR,NR,3.84,0.026,SD,cm,0.26,1.09,1.01,900,900,900,900,2 to 3,NR,N,7,,,,,,,,,8,Increased critical velocity,Smith and Carpenter 1987,,Chum are poor leapers and appear to need optimum hydraulic conditions to make successful leaps.
Chum salmon,Oncorhynchus keta,Prolonged,NR,NR,12.9,cm/s,0.98,SD,FL,NR,NR,3.87,0.031,SD,cm,0.26,1.09,1.01,900,900,900,900,2 to 3,NR,N,4,,,,,,,,,8,Increased critical velocity,Smith and Carpenter 1987,,Chum are poor leapers and appear to need optimum hydraulic conditions to make successful leaps.
Coho salmon,Oncorhynchus kisutch,Burst,NR,NR,Calculated,cm/s,NR,,TL,35.6,61,NR,NR,,cm,0.24,1.1,1.01,10,2.6,12.5,NR,NR,NR,Y,10 to 19,13.3,0.52,0.65,,,,V=13.3 TL^0.52 t^-0.65  V(m/s); TL(m); t(s),N,5,Based on tests using two different methods see comments,Hunter and Mayor 1986,Weaver 1963; Paulik and DeLacy 1957,Weaver 1963 methods: Maximum observed swimming speed through a 914 cm (30 ft) timing zone; Paulik and DeLacy 1957 methods: continuously increasing velocity over 5 minute period
Coho salmon,Oncorhynchus kisutch,Burst,286.5,533.4,420.6,cm/s,64.9,SE,TL,45.7,60.7,50.8,6.2,SE,cm,0.24,1.1,1.01,2.5,1.71,3.19,NR,NR,NR,Y,18.8 to 19.2,,,,,,,,,4,Maximum observed swimming speed through a 30 ft timing zone.,Weaver 1963,,I calculated the mean swimming speed and time based on the data in Table 21 page 117 of Weaver (1963).
Coho salmon,Oncorhynchus kisutch,Burst,335,640,488,cm/s,NR,,NR,NR,NR,NR,NR,NR,NR,0.24,1.1,1.01,1800,NR,NR,NR,NR,NR,Y,NR,,,,,,,,,NR,Unknown,Bell 1991,,The swimming speed reported is the center of the range reported by Bell 1991.
Coho salmon,Oncorhynchus kisutch,Prolonged,NR,NR,Calculated,cm/s,NR,,FL,4,17.8,NR,NR,,cm,0.24,1.1,1.01,1800,NR,NR,NR,NR,NR,Y,8 to 12,,,,3.02,0.52,0.1,V=3.02 FL^0.52 t^-0.1  V(m/s); FL(m); t(s),Y,11,Increased velocity tests - using three different methods see comments,Hunter and Mayor 1986,Glova and McInerney 1977; Davis et al. 1963; Flagg et al. 1983; Howard 1975,Flagg et al. 1983 and Glova and McInerney 1977. Both authors time between increments 60 min 1/5 body lengths/s and 1/8 critical speed respectively.
Coho salmon,Oncorhynchus kisutch,Prolonged,NR,NR,Calculated,cm/s,NR,,FL,4,13.3,NR,NR,,cm,0.24,1.1,1.01,1800,NR,NR,NR,NR,NR,Y,13 to 15,,,,5.67,0.7,0.1,V=5.67 FL^0.70 t^-0.1  V(m/s); FL(m); t(s),Y,8,Increased velocity tests - using two different methods see comments,Hunter and Mayor 1986,Glova and McInerney 1977; Davis et al. 1963; Flagg et al. 1983,Flagg et al. 1983 and Glova and McInerney 1977. Both authors time between increments 60 min 1/5 body lengths/s and 1/8 critical speed respectively.
Coho salmon,Oncorhynchus kisutch,Prolonged,NR,NR,Calculated,cm/s,NR,,NR,4,12,NR,NR,,cm,0.24,1.1,1.01,1800,NR,NR,NR,NR,NR,Y,18 to 20,,,,5.87,0.7,0.1,V=5.87 TL^0.70 t^-0.1  V(m/s); TL(m); t(s),Y,8,Increased velocity tests - using three different methods see comments,Hunter and Mayor 1986,Glova and McInerney 1977; Davis et al. 1963; Dahlberg et al. 1968; Paulik and DeLacy 1957,Glova and McInerney 1977. Time between increments 60 min 1/8 critical speed.  Different authors used different length types i.e. total and fork length.
Coho salmon,Oncorhynchus kisutch,Prolonged,NR,NR,96.9,cm/s,1.9,SE,FL,NR,NR,59.5,1,SE,cm,0.24,1.1,1.01,1200,NR,NR,1200,0.15 body lengths/second,NR,Y,7.6 to 8.2,,,,,,,,,35,Ramped increased critical velocity,Lee et al. 2003a and Lee et al. 2003b,,I calculated the mean swimming speed and folk length from data presented in Tables 1 and 3 in Lee et al. 2003a and Table 1 in Lee et al. 2003b.
Coho salmon,Oncorhynchus kisutch,Prolonged,NR,NR,15.3,cm/s,0.72,SD,FL,NR,NR,3.41,0.072,SD,cm,0.24,1.1,1.01,900,NR,NR,900,2 to 3,NR,Y,10,,,,,,,,,8,Increased critical velocity,Smith and Carpenter 1987,,
Coho salmon,Oncorhynchus kisutch,Prolonged,NR,NR,13.1,cm/s,0.86,SD,FL,NR,NR,3.43,0.066,SD,cm,0.24,1.1,1.01,900,NR,NR,900,2 to 3,NR,Y,7,,,,,,,,,8,Increased critical velocity,Smith and Carpenter 1987,,
Rainbow trout,Oncorhynchus mykiss,Burst,NR,NR,Calculated,cm/s,NR,,TL,10.3,28,18.5,NR,NR,cm,0.22,1.12,1.02,10,1,20,NR,NR,1 to 20 seconds,Y,NR,7.16,0.77,0.46,,,,V=7.16 TL^0.77 t^-0.46  V(m/s); TL(m); t(s),N,4,Applied electric shock to induce burst swimming used oscilloscope to record speed against time,Hunter and Mayor 1986,Bainbridge 1960,The trout used by Bainbridge 1960 were from Europe and he called them O. iridues
Rainbow trout,Oncorhynchus mykiss,Prolonged,47.1,83.2,66.57,cm/s,6.29,SE,FL,27.5,36.5,30.58,1.27,SE,cm,0.22,1.12,1.02,600,NR,NR,600,10,NR,Y,12,,,,,,,,,6,Increased critical velocity,Jones et al. 1974,,Jones et al. 1974 tested wild and hatchery and found wild fish had a swim speed range and standard error that were twice those of hatchery fish.  Concluded variability in wild fish inherent.
Rainbow trout,Oncorhynchus mykiss,Prolonged,NR,NR,76.7,cm/s,1.78,SE,TL,NR,NR,35.79,0.44,SE,cm,0.22,1.12,1.02,1800,NR,NR,1800,0.25 bl/s,NR,Y,7 to 10,,,,,,,,,7,Increased critical velocity,Burgetz et al. 1998,,
Rainbow trout,Oncorhynchus mykiss,Prolonged,NR,NR,68.9,cm/s,2.96,SE,FL,NR,NR,37.8,0.67,SE,cm,0.22,1.12,1.02,1800,NR,NR,1800,0.2 bl/s,NR,Y,5.5 to 8,,,,,,,,,11,Increased critical velocity,Jain et al. 1997,,The critical velocity was calculated from the mean of the three tests using Ucrit protocols means lengths were also calculated from the three means provided for fish used in the Ucrit protocol.
Rainbow trout,Oncorhynchus mykiss,Prolonged,NR,NR,80,cm/s,NR,,SL,NR,NR,17.2,NR,,cm,0.22,1.12,1.02,3600,NR,NR,NR,NR,3600,Y,17,,,,,,,,,5,Fixed velocity test measured time to exhaustion,Tsukamoto 1975,,Oncorhynchus mykiss irideus
Rainbow trout,Oncorhynchus mykiss,Prolonged,NR,NR,65.9,cm/s,2.18,SE,TL,NR,NR,10.9,0.35,SE,cm,0.22,1.12,1.02,1200,NR,NR,1200,9,NR,Y,11.9,,,,,,,,,15,Increased critical velocity,Jones 1971,,Oncorhynchus mykiss irideus
Rainbow trout,Oncorhynchus mykiss,Prolonged,NR,NR,79.2,cm/s,2.75,SE,TL,NR,NR,12.5,0.35,SE,cm,0.22,1.12,1.02,1200,NR,NR,1200,9,,Y,22.6,,,,,,,,,14,Increased critical velocity,Jones 1971,,Oncorhynchus mykiss irideus
Steelhead,Oncorhynchus mykiss,Burst,NR,NR,Calculated,cm/s,NR,,NR,61,81.3,NR,NR,,cm,0.22,1.12,1.02,5,1,12.5,NR,NR,NR,Y,7 to 19,12.3,0.62,0.51,,,,V=12.30 TL^0.62 t ^-0.51  V(m/s); TL(m); t(s),N,7,Swam fish through an experimental bypass fishway at Bonneville Dam Washington,Hunter and Mayor 1986,Weaver 1963; Paulik and DeLacy 1957,The data for this velocity formula were from the fastest fish tested - so the upper speeds are probably faster than most steelhead can swim.
Steelhead,Oncorhynchus mykiss,Burst,NR,NR,Calculated,cm/s,NR,,TL,10.3,81.3,NR,NR,,cm,0.22,1.12,1.02,5,1,20,NR,NR,NR,Y,7 to 19,12.81,1.07,0.48,,,,V=12.81 TL^1.07 t ^-0.48  V(m/s); TL(m); t(s),N,31,Data from different tests: fish swum through a fishway increasing velocity and electric shock to induce bursts.,Hunter and Mayor 1986,Bainbridge 1960; Weaver 1963; Paulik and DeLacy 1957,The data for this velocity formula includes both European rainbow and steelhead from Washington (USA).  Data from differing methods were combined reducing the confidence the user should have in this formula.
Steelhead,Oncorhynchus mykiss,Burst,427,822,620,cm/s,NR,,NR,61,82.3,NR,NR,,cm,0.22,1.12,1.02,10,NR,NR,NR,NR,NR,Y,NR,,,,,,,,,NR,Not reported,Bell 1991,,Bell (1991) cites several unpublished reports from the 1950s that were unavailable.  The methods used to develop these swim speeds is unknown.
Steelhead,Oncorhynchus mykiss,Prolonged,150,440,295,cm/s,NR,,NR,61,82.3,NR,NR,,cm,0.22,1.12,1.02,1800,NR,NR,NR,NR,NR,Y,NR,,,,,,,,,NR,Not reported,Bell 1991,,Bell (1991) cites several unpublished reports from the 1950s that were unavailable.  The methods used to develop these swim speeds is unknown.
Steelhead,Oncorhynchus mykiss,Prolonged,47.1,83.2,66.6,cm/s,6.3,SE,FL,27.5,36.5,30.6,1.3,SE,cm,0.22,1.12,1.02,600,NR,NR,600,10,NR,Y,12 to 13,,,,,,,,,6,Increased critical velocity,Jones et al. 1974,,Jones et al. (1974) tested hatchery and wild steelhead to determine whether the extreme swim speed variability was due to handling stress or was inherent in wild populations - they concluded the variability was inherent in wild populations.
Steelhead,Oncorhynchus mykiss,Prolonged,83.3,97.9,91,cm/s,2.5,SE,FL,31,32.8,35.8,1.2,SE,cm,0.22,1.12,1.02,600,NR,NR,600,10,NR,Y,12 to 13,,,,,,,,,6,Increased critical velocity,Jones et al. 1974,,Jones et al. (1974) tested hatchery and wild steelhead to determine whether the extreme swim speed variability was due to handling stress or was inherent in wild populations - they concluded the variability was inherent in wild populations.
Steelhead,Oncorhynchus mykiss,Prolonged,NR,NR,77,cm/s,0.17,SE,FL,NR,NR,10.01,0.09,SE,cm,0.22,1.12,1.02,900,NR,NR,900,1 bl/s,NR,Y,10 to 19,,,,,,,,,133,Increased critical velocity,Hawkins and Quinn 1996,,Converted body lengths per second to cm/s using mean fork length reported for steelhead.
Sockeye salmon,Oncorhynchus nerka,Burst,305,670,256,cm/s,NR,,NR,NR,NR,NR,NR,,NR,0.25,1.11,1.04,10,NR,NR,10,NR,NR,Y,NR,,,,,,,,,NR,Not reported,Bell 1991,,The reported swim speed is the center of the range reported by Bell 1991.  Fish length assumed to be total length.
Sockeye salmon,Oncorhynchus nerka,Prolonged,NR,NR,Calculated,cm/s,NR,,TL,12.6,61.1,NR,NR,,cm,0.25,1.11,1.04,1800,NR,NR,NR,NR,NR,Y,10 to 15,,,,5.47,0.89,0.07,V=5.47 TL^0.89 t^-0.07  V(m/s); TL(m); t(s),N,41,Fixed velocity test measured time to 50% fatigue in 300 minutes (Brett 1967) or 600 minutes (Brett 1964; 1982);,Hunter and Mayor 1986,Brett  1964; 1967; 1982,
Sockeye salmon,Oncorhynchus nerka,Prolonged,NR,NR,Calculated,cm/s,NR,,TL,7.74,53.9,NR,NR,,cm,0.25,1.11,1.04,3600,NR,NR,3600,9.2,NR,Y,15,,,,1.95,0.5,,V=1.95 TL^0.5  V(m/s); TL(m),N,29,Increased critical velocity,Brett 1965,,
Sockeye salmon,Oncorhynchus nerka,Prolonged,NR,NR,133,cm/s,2.4,SE,TL,NR,NR,64.2,0.7,SE,cm,0.25,1.11,1.04,1200,NR,NR,1200,0.15 body lengths per second,NR,Y,18,,,,,,,,,20,Increased critical velocity,Lee et al. 2003b,,Fish migrate 400 km to spawning grounds
Sockeye salmon,Oncorhynchus nerka,Prolonged,NR,NR,136.6,cm/s,3.9,SE,TL,NR,NR,57.9,1.6,SE,cm,0.25,1.11,1.04,1200,NR,NR,1200,0.15 body lengths per second,NR,Y,13,,,,,,,,,6,Increased critical velocity,Lee et al. 2003b,,Fish migrate 1100 km to spawning grounds
Sockeye salmon,Oncorhynchus nerka,Prolonged,NR,NR,108.6,cm/s,3.9,SE,TL,NR,NR,62.4,1.6,SE,cm,0.25,1.11,1.04,1200,NR,NR,1200,0.15 body lengths per second,NR,Y,15.9,,,,,,,,,12,Increased critical velocity,Lee et al. 2003b,,Fish migrate 100 km to spawning grounds
Sockeye salmon,Oncorhynchus nerka,Prolonged,NR,NR,89.9,cm/s,2.5,SE,TL,NR,NR,64,0.9,SE,cm,0.25,1.11,1.04,1200,NR,NR,1200,0.15 body lengths per second,NR,Y,12.2,,,,,,,,,12,Increased critical velocity,Lee et al. 2003b,,Fish migrate 100 km to spawning grounds
Sockeye salmon,Oncorhynchus nerka,Prolonged,NR,NR,60.1,cm/s,0.52,SE,FL,7,8.5,7.77,4.5,SE,cm,0.25,1.11,1.04,3600,NR,NR,3600,1 body lengths per second,NR,Y,10,,,,,,,,,50,Increased critical velocity,Taylor and Foote 1991,,
Sockeye salmon,Oncorhynchus nerka,Prolonged,NR,NR,Calculated,cm/s,NR,,TL,6,60,NR,NR,,cm,0.25,1.11,1.04,1800,NR,NR,3600,9.2,NR,Y,2,,,,1.459,0.6294,,V=1.459 TL^0.6294  V(m/s); TL(m),,NR,Increased critical velocity,Brett and Glass 1973,Brett 1964; 1965; 1967,The size range was not reported. I estimated fish size range from the reported literature
Sockeye salmon,Oncorhynchus nerka,Prolonged,NR,NR,Calculated,cm/s,NR,,TL,6,60,NR,NR,,cm,0.25,1.11,1.04,1800,NR,NR,3600,9.2,NR,Y,5,,,,1.6,0.6243,,V=1.6 TL^0.6243   V(m/s); TL(m),,NR,Increased critical velocity,Brett and Glass 1973,Brett 1964; 1965; 1967,The size range was not reported. I estimated fish size range from the reported literature
